stamp_sec,p_lidar_x,p_lidar_y,p_lidar_z,v_lidar_x,v_lidar_y,v_lidar_z,speed_2d,fix_type,flags,h_acc_mm,v_acc_mm,s_acc_mm_s,quality
1783929950.537176132,13.432107,-3.273886,-0.087066,0.236157,-0.378790,0.000000,0.446377,3,131,20,50,50,high
1783929950.537333012,13.459222,-3.308771,-0.087066,0.339150,-0.296205,0.000000,0.450289,3,131,20,50,50,high
1783929950.937033892,13.619434,-3.352125,-0.087067,0.494444,-0.126106,0.000000,0.510272,3,131,20,50,50,high
1783929950.937433004,13.656569,-3.345646,-0.087067,0.434760,0.006086,0.000000,0.434802,3,131,20,50,50,high
1783929951.159277201,13.679518,-3.339000,-0.087067,0.253948,0.121390,0.000000,0.281469,3,131,20,50,50,high
1783929951.316886187,13.700385,-3.311589,-0.087067,0.028113,0.144705,0.000000,0.147411,3,131,20,50,50,high
1783929951.537031889,13.700385,-3.311589,0.012933,0.000000,0.000000,0.000000,0.000000,3,131,20,50,50,high
1783929951.537459373,13.723334,-3.304944,0.012933,0.000000,0.000000,0.000000,0.000000,3,131,20,50,50,high
1783929951.736926317,13.717911,-3.297967,0.012933,0.000000,0.000000,0.000000,0.000000,3,131,20,50,50,high
1783929951.737030745,13.682859,-3.325212,0.012933,-0.229199,-0.071757,0.000000,0.240169,3,131,20,50,50,high
1783929951.936794043,13.628197,-3.345314,0.012933,-0.464691,-0.080013,0.000000,0.471529,3,131,20,50,50,high
1783929951.936891794,13.574793,-3.330863,0.012933,-0.667334,0.060119,0.000000,0.670037,3,131,20,50,50,high
1783929952.157028913,13.505120,-3.295480,0.012934,-0.629728,0.269198,0.000000,0.684854,3,131,20,50,50,high
1783929952.436980963,13.412930,-3.176871,0.012934,-0.446913,0.653202,0.000000,0.791457,3,131,20,50,50,high
1783929952.437026739,13.384990,-3.086668,0.012934,-0.095394,0.904892,0.000000,0.909906,3,131,20,50,50,high
1783929952.657155752,13.402948,-2.983173,0.012934,0.051803,0.987638,0.000000,0.988996,3,131,20,50,50,high
1783929952.657264471,13.424247,-2.865890,0.012934,0.285204,1.036064,0.000000,1.074602,3,131,20,50,50,high
1783929952.917064905,13.461814,-2.769539,0.012934,0.428503,0.996725,0.000000,1.084931,3,131,20,50,50,high
1783929952.917129755,13.513567,-2.673353,0.012934,0.485022,0.839275,0.000000,0.969345,3,131,20,50,50,high
1783929953.176787615,13.546537,-2.625343,0.012934,0.413679,0.451989,0.000000,0.612719,3,131,20,50,50,high
1783929953.176825762,13.561980,-2.590955,0.012934,0.258213,0.291889,0.000000,0.389709,3,131,20,50,50,high
1783929953.376964569,13.574084,-2.570355,0.012934,0.000000,0.000000,0.000000,0.000000,3,131,20,50,50,high
1783929953.377019405,13.574084,-2.570355,0.012934,0.000000,0.000000,0.000000,0.000000,3,131,20,50,50,high
1783929953.537175655,13.579507,-2.577332,0.012934,0.000000,0.000000,0.000000,0.000000,3,131,20,50,50,high
1783929953.537238598,13.574084,-2.570355,0.012934,0.000000,0.000000,0.000000,0.000000,3,131,20,50,50,high
1783929953.757005930,13.582847,-2.563544,0.012934,0.128715,0.157039,0.000000,0.203049,3,131,20,50,50,high
1783929953.757054567,13.617899,-2.536299,0.012934,0.261180,0.247333,0.000000,0.359707,3,131,20,50,50,high
1783929954.176778316,13.687179,-2.426491,0.012934,0.209499,0.449074,0.000000,0.495537,3,131,20,50,50,high
1783929954.776815653,13.733115,-2.178137,-0.087067,0.104180,0.768708,0.000000,0.775735,3,131,20,50,50,high
1783929954.776869774,13.733548,-2.088265,0.012934,0.078320,0.806868,0.000000,0.810660,3,131,20,50,50,high
1783929954.777134657,13.761094,-2.033278,0.012933,0.108503,0.575753,0.000000,0.585888,3,131,20,50,50,high
1783929954.777179003,13.760269,-1.977959,0.012933,0.006078,0.622797,0.000000,0.622827,3,131,20,50,50,high
1783929955.177013397,13.768207,-1.915829,0.012933,0.039497,0.633574,0.000000,0.634804,3,131,20,50,50,high
1783929955.177078009,13.774062,-1.832934,0.012934,0.086444,0.706793,0.000000,0.712060,3,131,20,50,50,high
1783929955.276997805,13.790763,-1.763993,0.012933,0.190485,0.774995,0.000000,0.798061,3,131,20,50,50,high
1783929955.336997747,13.832927,-1.619300,0.012933,0.167483,0.705188,0.000000,0.724804,3,131,20,50,50,high
1783929955.677181721,13.841297,-1.467298,0.012933,0.024005,0.731722,0.000000,0.732115,3,131,20,50,50,high
1783929955.917078018,13.835481,-1.315130,-0.087067,-0.027806,0.801640,0.000000,0.802122,3,131,20,50,50,high
1783929955.917341709,13.835913,-1.225258,-0.087066,-0.105677,0.839905,0.000000,0.846527,3,131,20,50,50,high
1783929956.177051783,13.807973,-1.135054,-0.087066,-0.229914,0.968785,0.000000,0.995693,3,131,20,50,50,high
1783929956.177085400,13.805065,-1.058971,-0.087066,-0.125976,0.717737,0.000000,0.728709,3,131,20,50,50,high
1783929956.177662849,13.787970,-0.982721,-0.087066,-0.082723,0.761489,0.000000,0.765969,3,131,20,50,50,high
1783929956.497035980,13.787577,-0.837530,-0.087066,0.028866,0.844422,0.000000,0.844915,3,131,20,50,50,high
1783929956.497081280,13.810958,-0.741013,-0.087066,0.156481,0.856221,0.000000,0.870403,3,131,20,50,50,high
1783929956.577088118,13.816813,-0.658118,-0.087066,0.177451,0.881386,0.000000,0.899072,3,131,20,50,50,high
1783929956.577389240,13.810565,-0.595822,0.012934,0.055831,0.695664,0.000000,0.697901,3,131,20,50,50,high
1783929956.776563883,13.816420,-0.512927,-0.087066,0.013827,0.718745,0.000000,0.718878,3,131,20,50,50,high
1783929956.776888609,13.822275,-0.430032,0.012934,-0.013785,0.765676,0.000000,0.765800,3,131,20,50,50,high
1783929957.177281380,13.813944,-0.346971,0.012934,-0.077612,0.836388,0.000000,0.839981,3,131,20,50,50,high
1783929957.177320480,13.796850,-0.270721,-0.087066,-0.122070,0.862626,0.000000,0.871220,3,131,20,50,50,high
1783929957.192086697,13.786436,-0.166895,-0.087066,-0.139429,0.883330,0.000000,0.894267,3,131,20,50,50,high
1783929957.337285995,13.766433,-0.014562,-0.087066,-0.090278,0.723953,0.000000,0.729560,3,131,20,50,50,high
1783929957.337539196,13.772288,0.068333,-0.087066,0.059374,0.803541,0.000000,0.805732,3,131,20,50,50,high
1783929957.917176247,13.788989,0.137275,-0.087066,0.183472,0.787276,0.000000,0.808372,3,131,20,50,50,high
1783929957.917227030,13.798184,0.233958,-0.087066,0.174921,0.923749,0.000000,0.940164,3,131,20,50,50,high
1783929957.917774200,13.821566,0.330475,-0.087066,0.204303,0.925055,0.000000,0.947347,3,131,20,50,50,high
1783929957.918089867,13.838267,0.399416,-0.087066,0.191809,0.802621,0.000000,0.825222,3,131,20,50,50,high
1783929958.337048769,13.850409,0.655079,-0.087066,0.017385,0.872229,0.000000,0.872402,3,131,20,50,50,high
1783929958.337090254,13.833314,0.731328,-0.087066,-0.072676,0.909884,0.000000,0.912781,3,131,20,50,50,high
1783929958.337494612,13.828756,0.918050,-0.087066,-0.062431,0.860853,0.000000,0.863114,3,131,20,50,50,high
1783929958.657137632,13.831270,0.987156,-0.087066,0.018141,0.770227,0.000000,0.770440,3,131,20,50,50,high
1783929958.657202959,13.845888,1.076863,-0.087066,0.036769,0.873363,0.000000,0.874136,3,131,20,50,50,high
1783929958.756811380,13.851743,1.159758,-0.087067,0.115780,0.838518,0.000000,0.846473,3,131,20,50,50,high
1783929958.756851196,13.852176,1.249630,-0.087067,0.090638,0.927898,0.000000,0.932314,3,131,20,50,50,high
1783929959.176984072,13.875557,1.346147,-0.087067,0.165526,0.888582,0.000000,0.903867,3,131,20,50,50,high
1783929959.177067518,13.892258,1.415088,-0.087067,0.159322,0.691246,0.000000,0.709369,3,131,20,50,50,high
1783929959.216972828,13.908958,1.484030,-0.087067,0.125480,0.728268,0.000000,0.738999,3,131,20,50,50,high
1783929959.356773376,13.908997,1.719092,-0.087067,-0.015783,0.823650,0.000000,0.823802,3,131,20,50,50,high
1783929959.777042627,13.904006,1.815941,-0.087067,0.006975,0.954062,0.000000,0.954087,3,131,20,50,50,high
1783929959.916931629,13.910293,1.988709,-0.087067,-0.004041,0.792248,0.000000,0.792258,3,131,20,50,50,high
1783929959.916957378,13.926994,2.057650,-0.087067,0.085504,0.784588,0.000000,0.789234,3,131,20,50,50,high
1783929960.916966915,13.949982,2.299358,-0.087067,0.152425,0.789741,0.000000,0.804316,3,131,20,50,50,high
1783929960.917224646,13.957920,2.361488,-0.087067,0.070634,0.637511,0.000000,0.641412,3,131,20,50,50,high
1783929960.917477846,13.957959,2.596550,-0.087067,-0.072096,0.806478,0.000000,0.809694,3,131,20,50,50,high
1783929960.917539597,13.946288,2.665823,-0.087067,-0.072336,0.878485,0.000000,0.881458,3,131,20,50,50,high
1783929961.676979780,13.946404,3.371011,-0.087068,-0.027638,0.780240,0.000000,0.780729,3,131,20,50,50,high
1783929961.677304745,13.963105,3.439953,-0.087068,0.038019,0.672954,0.000000,0.674027,3,131,20,50,50,high
1783929961.737102509,13.940588,3.523179,-0.087068,-0.075007,0.754820,0.000000,0.758538,3,131,20,50,50,high
1783929961.737398386,13.941020,3.613051,-0.087068,-0.034628,0.860931,0.000000,0.861628,3,131,20,50,50,high
1783929962.116942167,13.940195,3.668370,-0.087068,-0.012010,0.558076,0.000000,0.558205,3,131,20,50,50,high
1783929962.117178917,13.948132,3.730500,-0.087068,-0.004096,0.621222,0.000000,0.621235,3,131,20,50,50,high
1783929962.497075796,13.991555,3.909747,-0.087068,0.164999,0.617132,0.000000,0.638809,3,131,20,50,50,high
1783929962.716947556,14.014936,4.006264,-0.087068,0.151682,0.391470,0.000000,0.419829,3,131,20,50,50,high
1783929962.717211723,14.024957,4.047629,-0.087068,0.119494,0.390515,0.000000,0.408388,3,131,20,50,50,high
1783929962.776924372,14.057926,4.095639,-0.087068,0.179758,0.422158,0.000000,0.458835,3,131,20,50,50,high
1783929962.777186632,14.067947,4.137003,-0.087068,0.197398,0.454866,0.000000,0.495852,3,131,20,50,50,high
1783929963.276935577,14.179785,4.246314,-0.087069,0.420730,0.286486,0.000000,0.509007,3,131,20,50,50,high
1783929963.276998520,14.234446,4.266416,-0.087069,0.528121,0.136913,0.000000,0.545580,3,131,20,50,50,high
1783929963.677154779,14.277004,4.265919,-0.087069,0.590305,0.138384,0.000000,0.606309,3,131,20,50,50,high
1783929963.677433968,14.337089,4.279044,-0.087069,0.653615,0.097668,0.000000,0.660872,3,131,20,50,50,high
1783929963.677798510,14.408019,4.278215,-0.087069,0.665598,-0.005741,0.000000,0.665622,3,131,20,50,50,high
1783929963.856928110,14.516084,4.283866,-0.087069,0.545286,0.057797,0.000000,0.548340,3,131,20,50,50,high
1783929963.856983185,14.567406,4.290180,-0.087070,0.566952,0.065771,0.000000,0.570754,3,131,20,50,50,high
1783929963.976652622,14.632913,4.296328,-0.087070,0.522228,0.084204,0.000000,0.528973,3,131,20,50,50,high
1783929963.976682901,14.692997,4.309453,-0.087070,0.601362,0.158377,0.000000,0.621868,3,131,20,50,50,high
1783929964.217007637,14.747659,4.329555,-0.087070,0.643826,0.201515,0.000000,0.674626,3,131,20,50,50,high
1783929964.217089415,14.807743,4.342680,-0.087070,0.664429,0.178266,0.000000,0.687928,3,131,20,50,50,high
1783929964.317063570,14.933335,4.361953,-0.087070,0.502822,0.014659,0.000000,0.503036,3,131,20,50,50,high
1783929964.536888838,15.004265,4.361124,-0.087071,0.663161,0.054426,0.000000,0.665391,3,131,20,50,50,high
1783929964.537132740,15.075196,4.360295,-0.087071,0.703762,0.031522,0.000000,0.704467,3,131,20,50,50,high
1783929964.737453699,15.154889,4.366278,-0.087071,0.742087,0.024580,0.000000,0.742494,3,131,20,50,50,high
1783929964.737529039,15.217056,4.358637,-0.087071,0.681707,-0.093277,0.000000,0.688059,3,131,20,50,50,high
1783929964.937103271,15.287986,4.357809,-0.087071,0.665863,0.002065,0.000000,0.665866,3,131,20,50,50,high
1783929964.937177658,15.358917,4.356980,-0.087071,0.558510,-0.001584,0.000000,0.558512,3,131,20,50,50,high
1783929965.156974077,15.419001,4.370105,-0.087072,0.653511,0.045658,0.000000,0.655104,3,131,20,50,50,high
1783929965.337007523,15.560862,4.368447,-0.087072,0.731561,0.020198,0.000000,0.731839,3,131,20,50,50,high
1783929965.337135315,15.658081,4.388052,-0.087072,0.812099,0.094196,0.000000,0.817543,3,131,20,50,50,high
1783929965.537060261,15.718166,4.401177,-0.087072,0.747445,0.050276,0.000000,0.749134,3,131,20,50,50,high
1783929965.537121534,15.771570,4.386725,-0.087073,0.543423,-0.008245,0.000000,0.543485,3,131,20,50,50,high
1783929965.737070799,15.837077,4.392873,-0.087073,0.670439,0.049951,0.000000,0.672298,3,131,20,50,50,high
1783929965.737180233,15.913430,4.385067,-0.087073,0.726539,-0.048298,0.000000,0.728143,3,131,20,50,50,high
1783929965.937073231,15.984360,4.384239,-0.087073,0.736538,-0.048126,0.000000,0.738108,3,131,20,50,50,high
1783929965.937178373,16.066137,4.369456,-0.087073,0.782033,-0.122954,0.000000,0.791639,3,131,20,50,50,high
1783929966.156936646,16.165439,4.368295,-0.087074,0.807586,-0.027100,0.000000,0.808041,3,131,20,50,50,high
1783929966.337091446,16.218843,4.353844,-0.087074,0.611990,-0.063873,0.000000,0.615315,3,131,20,50,50,high
1783929966.337122440,16.351940,4.345375,-0.087074,0.600061,-0.068079,0.000000,0.603911,3,131,20,50,50,high
1783929966.537078857,16.412025,4.358500,-0.087074,0.649911,0.033995,0.000000,0.650800,3,131,20,50,50,high
1783929966.537106991,16.482955,4.357671,-0.087074,0.678417,0.039686,0.000000,0.679577,3,131,20,50,50,high
1783929966.756951809,16.553885,4.356842,-0.087075,0.655854,-0.032313,0.000000,0.656649,3,131,20,50,50,high
1783929966.757015467,16.596443,4.356345,-0.087075,0.575600,-0.041496,0.000000,0.577094,3,131,20,50,50,high
1783929966.937179089,16.667374,4.355516,-0.087075,0.621993,-0.052299,0.000000,0.624187,3,131,20,50,50,high
1783929966.937306643,16.722860,4.320299,-0.087075,0.609484,-0.220339,0.000000,0.648089,3,131,20,50,50,high
1783929967.237027407,16.792533,4.284917,-0.087075,0.683126,-0.315085,0.000000,0.752290,3,131,20,50,50,high
1783929967.253337383,16.867629,4.242557,-0.087075,0.696871,-0.393060,0.000000,0.800078,3,131,20,50,50,high
1783929967.317032814,16.981943,4.185913,-0.087076,0.518499,-0.326521,0.000000,0.612745,3,131,20,50,50,high
1783929967.517091274,17.042853,4.143719,-0.087076,0.529950,-0.445542,0.000000,0.692354,3,131,20,50,50,high
1783929967.737094879,17.136300,4.059664,-0.087076,0.403411,-0.380511,0.000000,0.554553,3,131,20,50,50,high
1783929967.737169504,17.151311,4.004179,-0.087076,0.399445,-0.440588,0.000000,0.594705,3,131,20,50,50,high
1783929967.937315226,17.173003,3.976271,-0.087076,0.228369,-0.321516,0.000000,0.394367,3,131,20,50,50,high
1783929967.937420845,17.182592,3.927764,-0.087076,0.135543,-0.425329,0.000000,0.446405,3,131,20,50,50,high
1783929968.157130003,17.206366,3.879091,-0.087076,0.120333,-0.541008,0.000000,0.554229,3,131,20,50,50,high
1783929968.336823940,17.199254,3.761642,-0.087076,0.010843,-0.641308,0.000000,0.641400,3,131,20,50,50,high
1783929968.537017345,17.192141,3.644194,-0.087076,0.044318,-0.459505,0.000000,0.461637,3,131,20,50,50,high
1783929968.537081718,17.203812,3.574921,-0.087076,0.131547,-0.576621,0.000000,0.591436,3,131,20,50,50,high
1783929968.937499762,17.242166,3.380891,-0.087076,0.183954,-0.704337,0.000000,0.727963,3,131,20,50,50,high
1783929968.937622070,17.250497,3.297830,-0.087076,0.205620,-0.696363,0.000000,0.726086,3,131,20,50,50,high
1783929969.157121420,17.279695,3.242180,-0.087076,0.131716,-0.598021,0.000000,0.612354,3,131,20,50,50,high
1783929969.337030649,17.288851,3.103801,-0.087076,0.039039,-0.780244,0.000000,0.781220,3,131,20,50,50,high
1783929969.337093830,17.282996,3.020906,-0.087076,-0.039714,-0.760396,0.000000,0.761433,3,131,20,50,50,high
1783929969.557030439,17.283821,2.965587,-0.087076,-0.081269,-0.705304,0.000000,0.709970,3,131,20,50,50,high
1783929969.557092667,17.277966,2.882692,-0.087076,-0.071199,-0.755738,0.000000,0.759084,3,131,20,50,50,high
1783929969.736917257,17.250420,2.827705,-0.087076,-0.113914,-0.493834,0.000000,0.506803,3,131,20,50,50,high
1783929969.737080336,17.242482,2.765575,-0.087076,-0.083956,-0.607336,0.000000,0.613111,3,131,20,50,50,high
1783929969.917035818,17.236627,2.682680,-0.087075,-0.052275,-0.820822,0.000000,0.822485,3,131,20,50,50,high
1783929969.917107821,17.236195,2.592808,-0.087075,-0.016150,-0.851004,0.000000,0.851157,3,131,20,50,50,high
1783929970.157013655,17.247866,2.523535,-0.087075,0.075089,-0.771221,0.000000,0.774868,3,131,20,50,50,high
1783929970.376825571,17.230733,2.364722,-0.087075,-0.098096,-0.668988,0.000000,0.676142,3,131,20,50,50,high
1783929970.376915216,17.242404,2.295450,-0.087075,0.031263,-0.688764,0.000000,0.689473,3,131,20,50,50,high
1783929970.537044525,17.231126,2.219532,-0.087075,-0.081205,-0.778714,0.000000,0.782936,3,131,20,50,50,high
1783929970.537107229,17.207745,2.123014,-0.087075,-0.174996,-0.884544,0.000000,0.901688,3,131,20,50,50,high
1783929970.736963749,17.191044,2.054073,-0.087075,-0.210119,-0.738327,0.000000,0.767644,3,131,20,50,50,high
1783929970.737024546,17.163498,1.999086,-0.087075,-0.102007,-0.558039,0.000000,0.567286,3,131,20,50,50,high
1783929970.937079906,17.164323,1.943767,-0.087075,-0.130686,-0.553732,0.000000,0.568945,3,131,20,50,50,high
1783929970.937143803,17.158468,1.860872,-0.087075,-0.065747,-0.712238,0.000000,0.715266,3,131,20,50,50,high
1783929971.156861782,17.152613,1.777977,-0.087075,-0.011750,-0.804522,0.000000,0.804607,3,131,20,50,50,high
1783929971.357041597,17.173441,1.570325,0.012925,0.042856,-0.641757,0.000000,0.643187,3,131,20,50,50,high
1783929971.597078323,17.170926,1.501218,0.012925,0.090401,-0.614935,0.000000,0.621544,3,131,20,50,50,high
1783929971.597141504,17.182597,1.431946,0.012925,0.048256,-0.757882,0.000000,0.759416,3,131,20,50,50,high
1783929971.736936092,17.176742,1.349051,-0.087075,-0.078660,-0.775469,0.000000,0.779449,3,131,20,50,50,high
1783929971.737020493,17.160041,1.280109,-0.087075,-0.126097,-0.738881,0.000000,0.749563,3,131,20,50,50,high
1783929971.936992407,17.166289,1.217814,-0.087075,-0.056366,-0.722678,0.000000,0.724872,3,131,20,50,50,high
1783929971.937052250,17.149589,1.148873,-0.087075,-0.040886,-0.587791,0.000000,0.589211,3,131,20,50,50,high
1783929972.176829576,17.152497,1.072789,-0.087075,-0.005640,-0.624990,0.000000,0.625015,3,131,20,50,50,high
1783929972.336925030,17.170416,0.941221,-0.087075,0.068590,-0.800338,0.000000,0.803271,3,131,20,50,50,high
1783929972.337030649,17.184170,0.851183,-0.087075,0.154449,-0.814662,0.000000,0.829173,3,131,20,50,50,high
1783929972.537056684,17.212110,0.760979,-0.087075,0.213898,-0.863445,0.000000,0.889545,3,131,20,50,50,high
1783929972.537087202,17.218359,0.698684,-0.087075,0.079082,-0.631332,0.000000,0.636266,3,131,20,50,50,high
1783929972.737066031,17.212504,0.615788,-0.087075,0.046710,-0.656493,0.000000,0.658153,3,131,20,50,50,high
1783929972.737134457,17.206649,0.532893,-0.087075,-0.047789,-0.779338,0.000000,0.780802,3,131,20,50,50,high
1783929972.937074900,17.195371,0.456975,-0.087075,-0.105714,-0.900354,0.000000,0.906538,3,131,20,50,50,high
1783929972.937143326,17.198279,0.380891,-0.087075,-0.083300,-0.749945,0.000000,0.754557,3,131,20,50,50,high
1783929973.157103777,17.181578,0.311950,-0.087075,-0.026936,-0.573149,0.000000,0.573781,3,131,20,50,50,high
1783929973.336804628,17.176548,0.173737,-0.087075,-0.015604,-0.789786,0.000000,0.789940,3,131,20,50,50,high
1783929973.336907148,17.182797,0.111441,-0.087075,-0.034909,-0.818722,0.000000,0.819466,3,131,20,50,50,high
1783929973.536975622,17.187788,0.014592,-0.087075,0.059388,-0.777093,0.000000,0.779359,3,131,20,50,50,high
1783929973.736906767,17.180675,-0.102857,-0.087075,-0.017622,-0.521581,0.000000,0.521878,3,131,20,50,50,high
1783929973.737131834,17.180243,-0.192729,-0.087075,-0.023358,-0.629896,0.000000,0.630328,3,131,20,50,50,high
1783929973.937227726,17.163542,-0.261670,-0.087075,-0.063188,-0.663386,0.000000,0.666389,3,131,20,50,50,high
1783929973.953195572,17.157687,-0.344565,-0.087075,-0.116353,-0.712309,0.000000,0.721749,3,131,20,50,50,high
1783929974.157076836,17.146409,-0.420483,-0.087075,-0.156089,-0.727995,0.000000,0.744541,3,131,20,50,50,high
1783929974.337095022,17.130534,-0.544743,-0.087075,-0.009993,-0.523250,0.000000,0.523345,3,131,20,50,50,high
1783929974.537045240,17.127587,-0.703721,-0.087075,-0.080860,-0.798711,0.000000,0.802793,3,131,20,50,50,high
1783929974.537111044,17.116309,-0.779640,-0.087075,-0.000861,-0.763128,0.000000,0.763128,3,131,20,50,50,high
1783929974.737047911,17.127980,-0.848912,-0.087075,0.051762,-0.764022,0.000000,0.765773,3,131,20,50,50,high
1783929974.737107277,17.127548,-0.938784,-0.087075,0.031443,-0.675959,0.000000,0.676690,3,131,20,50,50,high
1783929974.936855078,17.121694,-1.021679,0.012925,-0.062570,-0.652774,0.000000,0.655766,3,131,20,50,50,high
1783929974.936896801,17.122519,-1.076998,0.012925,-0.075892,-0.622599,0.000000,0.627207,3,131,20,50,50,high
1783929975.156812668,17.105818,-1.145939,0.012925,-0.125985,-0.664068,0.000000,0.675913,3,131,20,50,50,high
1783929975.316842318,17.072417,-1.283821,0.012925,-0.137810,-0.616264,0.000000,0.631485,3,131,20,50,50,high
1783929975.557393789,17.065304,-1.401270,0.012925,-0.053945,-0.561212,0.000000,0.563799,3,131,20,50,50,high
1783929975.756897926,17.060275,-1.539483,0.012925,0.018993,-0.661571,0.000000,0.661844,3,131,20,50,50,high
1783929975.756946087,17.057760,-1.608590,-0.087075,0.059055,-0.722890,0.000000,0.725299,3,131,20,50,50,high
1783929975.937139273,17.069431,-1.677863,-0.087075,0.020790,-0.800761,0.000000,0.801031,3,131,20,50,50,high
1783929975.937278032,17.070256,-1.733182,-0.087075,0.004459,-0.584210,0.000000,0.584227,3,131,20,50,50,high
1783929976.156982899,17.062318,-1.795311,-0.087075,-0.032811,-0.568849,0.000000,0.569795,3,131,20,50,50,high
1783929976.337047338,17.057289,-1.933525,-0.087075,-0.119770,-0.699766,0.000000,0.709942,3,131,20,50,50,high
1783929976.337321520,17.040588,-2.002466,-0.087075,-0.147397,-0.698441,0.000000,0.713825,3,131,20,50,50,high
1783929976.537061453,17.023887,-2.071407,-0.087075,-0.146600,-0.675024,0.000000,0.690760,3,131,20,50,50,high
1783929976.537122488,17.007186,-2.140348,-0.087075,-0.044313,-0.609453,0.000000,0.611062,3,131,20,50,50,high
1783929976.716995955,17.008012,-2.195667,-0.087075,-0.137612,-0.546450,0.000000,0.563511,3,131,20,50,50,high
1783929976.717067957,16.991311,-2.264608,-0.087075,-0.086706,-0.703197,0.000000,0.708522,3,131,20,50,50,high
1783929976.937190771,16.983373,-2.326738,-0.087075,-0.041511,-0.621207,0.000000,0.622592,3,131,20,50,50,high
1783929976.937467098,16.989622,-2.389034,-0.087075,0.044083,-0.643336,0.000000,0.644845,3,131,20,50,50,high
1783929977.157056808,17.001293,-2.458306,-0.087075,0.055006,-0.766567,0.000000,0.768538,3,131,20,50,50,high
1783929977.537064552,16.988325,-2.658650,-0.087075,-0.049216,-0.580333,0.000000,0.582417,3,131,20,50,50,high
1783929977.537112474,16.989151,-2.713969,-0.087075,-0.059386,-0.570507,0.000000,0.573590,3,131,20,50,50,high
1783929977.737110853,16.960347,-2.803509,-0.087075,-0.109177,-0.490152,0.000000,0.502164,3,131,20,50,50,high
1783929977.737173796,16.955749,-2.851851,-0.087075,-0.024811,-0.510703,0.000000,0.511305,3,131,20,50,50,high
1783929977.936900377,16.965338,-2.900358,-0.087075,-0.008399,-0.476415,0.000000,0.476489,3,131,20,50,50,high
1783929977.936969757,16.955317,-2.941723,-0.087075,0.013084,-0.492648,0.000000,0.492821,3,131,20,50,50,high
1783929978.157031536,16.958225,-3.017807,-0.087075,-0.001932,-0.549915,0.000000,0.549918,3,131,20,50,50,high
1783929978.337042332,16.965299,-3.135421,-0.087075,0.060039,-0.663865,0.000000,0.666574,3,131,20,50,50,high
1783929978.537116528,16.969033,-3.266823,-0.087075,-0.003684,-0.541144,0.000000,0.541156,3,131,20,50,50,high
1783929978.537384987,16.980704,-3.336096,-0.087075,-0.014857,-0.647352,0.000000,0.647522,3,131,20,50,50,high
1783929978.736988544,16.969426,-3.412014,-0.087075,-0.046016,-0.719699,0.000000,0.721168,3,131,20,50,50,high
1783929978.737048388,16.952725,-3.480955,-0.087075,-0.096266,-0.705562,0.000000,0.712099,3,131,20,50,50,high
1783929978.937029839,16.944788,-3.543085,-0.087075,-0.081007,-0.708900,0.000000,0.713513,3,131,20,50,50,high
1783929978.937144279,16.938933,-3.625980,-0.087075,0.021807,-0.639119,0.000000,0.639491,3,131,20,50,50,high
1783929979.157037020,16.968130,-3.681630,-0.087075,0.206117,-0.516128,0.000000,0.555763,3,131,20,50,50,high
1783929979.337043047,17.021102,-3.785954,-0.087075,0.285039,-0.557375,0.000000,0.626030,3,131,20,50,50,high
1783929979.537062407,17.119973,-3.876986,-0.087076,0.525736,-0.456416,0.000000,0.696214,3,131,20,50,50,high
1783929979.537144661,17.172119,-3.925991,-0.087076,0.595105,-0.477225,0.000000,0.762819,3,131,20,50,50,high
1783929979.737106085,17.245132,-3.947585,-0.087076,0.657370,-0.224915,0.000000,0.694782,3,131,20,50,50,high
1783929979.737171412,17.309382,-3.975990,-0.087076,0.573086,-0.220766,0.000000,0.614138,3,131,20,50,50,high
1783929979.936947346,17.354023,-3.997253,-0.087076,0.471877,-0.209507,0.000000,0.516295,3,131,20,50,50,high
1783929979.937082767,17.407427,-4.011704,-0.087077,0.529223,-0.252326,0.000000,0.586298,3,131,20,50,50,high
1783929980.156872272,17.468337,-4.053898,-0.087077,0.495939,-0.387119,0.000000,0.629139,3,131,20,50,50,high
1783929980.317003489,17.565125,-4.124165,-0.087077,0.551664,-0.289345,0.000000,0.622939,3,131,20,50,50,high
1783929980.797042847,17.805856,-4.216855,-0.087078,0.675526,-0.222202,0.000000,0.711132,3,131,20,50,50,high
1783929980.797151804,17.887632,-4.231638,-0.087078,0.719288,-0.231250,0.000000,0.755547,3,131,20,50,50,high
1783929981.156801701,17.969408,-4.246421,-0.087078,0.857194,-0.131661,0.000000,0.867246,3,131,20,50,50,high
1783929981.157094002,18.045761,-4.254227,-0.087079,0.781004,-0.051561,0.000000,0.782704,3,131,20,50,50,high
1783929981.676712513,18.393732,-4.285948,-0.087080,0.809502,-0.068673,0.000000,0.812410,3,131,20,50,50,high
1783929981.796929836,18.524747,-4.273651,-0.087080,0.606957,0.100665,0.000000,0.615248,3,131,20,50,50,high
1783929981.796990633,18.607780,-4.253881,-0.087080,0.575868,0.244951,0.000000,0.625799,3,131,20,50,50,high
1783929982.657071829,18.980429,-3.919468,-0.087081,0.314618,0.594105,0.000000,0.672269,3,131,20,50,50,high
1783929982.657138586,19.027584,-3.871624,-0.087081,0.449055,0.546613,0.000000,0.707415,3,131,20,50,50,high
1783929982.897003412,19.078080,-3.809991,-0.087081,0.548812,0.654546,0.000000,0.854181,3,131,20,50,50,high
1783929982.897073269,19.131916,-3.734570,-0.087082,0.500334,0.728322,0.000000,0.883622,3,131,20,50,50,high
1783929982.917065144,19.148617,-3.665629,-0.087082,0.360475,0.823528,0.000000,0.898967,3,131,20,50,50,high
1783929982.917128086,19.188267,-3.590043,-0.087082,0.344123,0.704429,0.000000,0.783990,3,131,20,50,50,high
1783929983.176831961,19.217071,-3.500502,-0.087082,0.297677,0.822847,0.000000,0.875037,3,131,20,50,50,high
1783929983.776764870,19.265916,-3.328232,-0.087082,0.350509,0.925972,0.000000,0.990091,3,131,20,50,50,high
1783929983.777023792,19.292638,-3.217927,-0.087082,0.273746,1.132281,0.000000,1.164902,3,131,20,50,50,high
1783929983.777080774,19.316019,-3.121409,-0.087082,0.289650,0.952128,0.000000,0.995211,3,131,20,50,50,high
1783929983.777315617,19.382390,-2.935517,0.012918,0.326302,0.926155,0.000000,0.981956,3,131,20,50,50,high
1783929983.777362108,19.419957,-2.839165,-0.087082,0.375438,0.988411,0.000000,1.057312,3,131,20,50,50,high
1783929984.177207232,19.460865,-2.729025,-0.087082,0.406773,1.062161,0.000000,1.137387,3,131,20,50,50,high
1783929984.177551270,19.510535,-2.612074,-0.087082,0.404939,1.087333,0.000000,1.160288,3,131,20,50,50,high
1783929984.257272243,19.530576,-2.529345,0.012918,0.248780,0.955825,0.000000,0.987670,3,131,20,50,50,high
1783929984.917155027,19.609090,-2.087790,0.012918,0.171421,1.219932,0.000000,1.231917,3,131,20,50,50,high
1783929984.917646170,19.644574,-1.970673,0.012918,0.269641,1.184818,0.000000,1.215113,3,131,20,50,50,high
1783929984.917982578,19.653769,-1.873990,0.012918,0.243448,1.009941,0.000000,1.038869,3,131,20,50,50,high
1783929984.918086529,19.683831,-1.749896,0.012918,0.210836,1.056787,0.000000,1.077613,3,131,20,50,50,high
1783929985.176972151,19.721398,-1.653544,0.012917,0.284964,1.108071,0.000000,1.144126,3,131,20,50,50,high
1783929985.177023888,19.742696,-1.536261,0.012917,0.388392,1.177062,0.000000,1.239485,3,131,20,50,50,high
1783929985.676878452,19.815787,-1.087730,0.012917,0.133078,1.169865,0.000000,1.177409,3,131,20,50,50,high
1783929985.677121162,19.851271,-0.970613,0.012917,0.201661,1.159844,0.000000,1.177245,3,131,20,50,50,high
1783929985.917039394,19.893868,-0.736048,0.012917,0.291950,1.283217,0.000000,1.316009,3,131,20,50,50,high
1783929985.917093754,19.906403,-0.625576,0.012917,0.177073,1.066007,0.000000,1.080613,3,131,20,50,50,high
1783929986.076843262,19.924362,-0.522082,0.012917,0.154423,0.999007,0.000000,1.010871,3,131,20,50,50,high
1783929986.077264071,19.951083,-0.411776,0.012917,0.222878,1.135806,0.000000,1.157467,3,131,20,50,50,high
1783929986.536949396,19.972381,-0.294493,0.012917,0.233841,1.137995,0.000000,1.161772,3,131,20,50,50,high
1783929986.537058353,19.979493,-0.177045,-0.087083,0.227547,1.201496,0.000000,1.222853,3,131,20,50,50,high
1783929986.717089891,20.024173,0.036755,0.012917,0.126010,1.011119,0.000000,1.018941,3,131,20,50,50,high
1783929986.717131615,20.047161,0.278464,-0.087083,0.127569,1.222578,0.000000,1.229215,3,131,20,50,50,high
1783929986.856862545,20.043427,0.409866,-0.087083,0.118820,1.289237,0.000000,1.294701,3,131,20,50,50,high
1783929986.857203722,20.059303,0.534126,-0.087083,0.069090,1.284780,0.000000,1.286636,3,131,20,50,50,high
1783929987.036999464,20.077261,0.637620,0.012917,0.159092,1.064697,0.000000,1.076518,3,131,20,50,50,high
1783929987.037064075,20.075611,0.748258,0.012917,0.126908,1.075144,0.000000,1.082608,3,131,20,50,50,high
1783929987.176971674,20.105672,0.872351,0.012916,0.259129,1.226043,0.000000,1.253128,3,131,20,50,50,high
1783929987.456951618,20.165795,1.120539,-0.087084,0.270628,1.255246,0.000000,1.284088,3,131,20,50,50,high
1783929987.537035942,20.187526,1.327694,0.012916,0.127585,1.000945,0.000000,1.009044,3,131,20,50,50,high
1783929988.176957369,20.239318,1.658943,-0.087084,0.194472,1.170722,0.000000,1.186764,3,131,20,50,50,high
1783929988.177217722,20.255193,1.783202,-0.087084,0.162227,1.265981,0.000000,1.276333,3,131,20,50,50,high
1783929988.177333593,20.267728,1.893674,-0.087084,0.181533,1.027678,0.000000,1.043588,3,131,20,50,50,high
1783929988.217080593,20.305296,1.990026,-0.087084,0.249735,0.923637,0.000000,0.956803,3,131,20,50,50,high
1783929988.677169085,20.360821,2.189872,-0.087085,0.323185,1.049120,0.000000,1.097771,3,131,20,50,50,high
1783929988.777083158,20.405501,2.403672,-0.087085,0.189526,1.063021,0.000000,1.079784,3,131,20,50,50,high
1783929988.777395964,20.418037,2.514143,0.012915,0.065293,0.936063,0.000000,0.938337,3,131,20,50,50,high
1783929988.777796984,20.418469,2.604015,0.012915,0.015735,0.921608,0.000000,0.921742,3,131,20,50,50,high
1783929988.777887583,20.436427,2.707510,-0.087085,0.091726,1.038933,0.000000,1.042975,3,131,20,50,50,high
1783929989.356824875,20.375556,2.984766,-0.087085,-0.310443,0.650351,0.000000,0.720647,3,131,20,50,50,high
1783929989.356971264,20.332172,3.040582,0.012915,-0.492837,0.485787,0.000000,0.692009,3,131,20,50,50,high
1783929989.357401133,20.242065,3.138426,0.012915,-0.463900,0.466482,0.000000,0.657882,3,131,20,50,50,high
1783929989.777053833,20.181155,3.180619,0.012915,-0.569872,0.394247,0.000000,0.692954,3,131,20,50,50,high
1783929989.777440548,20.065584,3.202711,0.012916,-0.550319,0.106741,0.000000,0.560576,3,131,20,50,50,high
1783929989.777873278,20.000077,3.196563,0.012916,-0.611826,0.031071,0.000000,0.612614,3,131,20,50,50,high
1783929990.176960230,19.941250,3.217991,0.012916,-0.729552,0.223272,0.000000,0.762953,3,131,20,50,50,high
1783929990.176987171,19.877000,3.246396,-0.087084,-0.704399,0.168097,0.000000,0.724178,3,131,20,50,50,high
1783929990.236909151,19.789801,3.268156,0.012917,-0.875586,0.212356,0.000000,0.900969,3,131,20,50,50,high
1783929990.656932116,19.637095,3.283768,0.012917,-0.699623,0.018557,0.000000,0.699869,3,131,20,50,50,high
1783929990.657226801,19.461439,3.292734,-0.087082,-0.892368,0.118253,0.000000,0.900169,3,131,20,50,50,high
1783929990.657503605,19.351290,3.307849,-0.087082,-0.996825,0.120655,0.000000,1.004101,3,131,20,50,50,high
1783929990.932695866,19.271597,3.301866,-0.087082,-0.933132,-0.093280,0.000000,0.937783,3,131,20,50,50,high
1783929990.933074474,19.183141,3.289073,-0.087081,-0.736687,-0.140705,0.000000,0.750003,3,131,20,50,50,high
1783929990.996942043,19.105530,3.262325,-0.087081,-0.785672,-0.281369,0.000000,0.834535,3,131,20,50,50,high
1783929990.996998787,19.019156,3.228766,-0.087081,-0.837401,-0.227852,0.000000,0.867846,3,131,20,50,50,high
1783929991.176874399,18.936123,3.208996,-0.087081,-0.835571,-0.264425,0.000000,0.876413,3,131,20,50,50,high
1783929991.336869955,18.860595,3.161483,-0.087080,-0.842905,-0.430976,0.000000,0.946694,3,131,20,50,50,high
1783929991.676924944,18.734571,3.052338,-0.087080,-0.517638,-0.536592,0.000000,0.745574,3,131,20,50,50,high
1783929991.777042389,18.647765,2.928907,-0.087080,-0.524874,-0.673937,0.000000,0.854215,3,131,20,50,50,high
1783929991.777141333,18.573888,2.770757,0.012921,-0.320290,-0.775830,0.000000,0.839343,3,131,20,50,50,high
1783929992.076820135,18.557188,2.701816,0.012921,-0.101696,-0.680652,0.000000,0.688207,3,131,20,50,50,high
1783929992.076863527,18.545910,2.625898,0.012921,-0.117449,-0.846148,0.000000,0.854260,3,131,20,50,50,high
1783929992.136826515,18.542137,2.522238,0.012921,-0.195019,-0.964701,0.000000,0.984215,3,131,20,50,50,high
1783929992.357041597,18.500798,2.322226,0.012921,-0.133195,-0.988840,0.000000,0.997770,3,131,20,50,50,high
1783929992.357150316,18.489520,2.246308,0.012921,-0.023425,-0.835127,0.000000,0.835456,3,131,20,50,50,high
1783929992.557075500,18.494511,2.149459,0.012921,-0.025744,-0.955985,0.000000,0.956332,3,131,20,50,50,high
1783929992.557185888,18.485316,2.052775,0.012921,-0.149618,-1.057333,0.000000,1.067866,3,131,20,50,50,high
1783929992.797078848,18.444408,1.942635,-0.087079,-0.216980,-1.071695,0.000000,1.093440,3,131,20,50,50,high
1783929992.797340631,18.446059,1.831998,-0.087079,-0.170150,-1.084690,0.000000,1.097954,3,131,20,50,50,high
1783929992.937082291,18.428100,1.728504,-0.087079,-0.058651,-1.008159,0.000000,1.009864,3,131,20,50,50,high
1783929992.937192440,18.422246,1.645609,0.012921,-0.056245,-0.892301,0.000000,0.894072,3,131,20,50,50,high
1783929993.176841736,18.432659,1.541783,-0.087079,0.011653,-1.118165,0.000000,1.118226,3,131,20,50,50,high
1783929993.317147493,18.427197,1.313697,-0.087078,-0.038612,-1.149635,0.000000,1.150283,3,131,20,50,50,high
1783929993.516965389,18.419653,1.106376,0.012922,-0.035994,-0.918356,0.000000,0.919061,3,131,20,50,50,high
1783929993.737202883,18.401695,1.002882,0.012922,-0.096280,-1.018409,0.000000,1.022950,3,131,20,50,50,high
1783929993.737446070,18.369944,0.754362,0.012922,-0.255447,-1.230781,0.000000,1.257010,3,131,20,50,50,high
1783929994.137080669,18.341101,0.429759,0.012922,-0.059246,-0.950361,0.000000,0.952206,3,131,20,50,50,high
1783929994.337495327,18.326876,0.194862,0.012922,-0.046178,-1.221376,0.000000,1.222249,3,131,20,50,50,high
1783929994.337612391,18.337290,0.091036,0.012922,0.055667,-1.165014,0.000000,1.166343,3,131,20,50,50,high
1783929994.537165165,18.349787,-0.033555,0.012922,0.075061,-1.129675,0.000000,1.132166,3,131,20,50,50,high
1783929994.537269354,18.349355,-0.123427,0.012922,-0.022855,-0.972738,0.000000,0.973006,3,131,20,50,50,high
1783929994.737153292,18.342243,-0.240876,0.012922,-0.002443,-1.042997,0.000000,1.043000,3,131,20,50,50,high
1783929994.737257481,18.324284,-0.344370,0.012922,-0.140079,-1.123378,0.000000,1.132078,3,131,20,50,50,high
1783929994.916673899,18.320512,-0.448031,0.012922,-0.200853,-1.102222,0.000000,1.120372,3,131,20,50,50,high
1783929994.916712761,18.302554,-0.551525,0.012922,-0.116711,-1.005158,0.000000,1.011912,3,131,20,50,50,high
1783929995.137138605,18.295441,-0.668974,0.012922,0.038629,-0.965478,0.000000,0.966250,3,131,20,50,50,high
1783929995.357113123,18.305423,-0.862672,0.012922,0.063495,-1.096869,0.000000,1.098706,3,131,20,50,50,high
1783929995.357174873,18.307074,-0.973309,0.012922,-0.066935,-1.131120,0.000000,1.133099,3,131,20,50,50,high
1783929995.517016888,18.299962,-1.090757,0.012922,-0.015902,-1.167447,0.000000,1.167555,3,131,20,50,50,high
1783929995.736862659,18.292849,-1.208206,0.012922,-0.061853,-1.147435,0.000000,1.149101,3,131,20,50,50,high
1783929995.737050056,18.271119,-1.415361,0.012922,-0.121078,-0.949025,0.000000,0.956718,3,131,20,50,50,high
1783929995.937067270,18.244398,-1.525666,0.012922,-0.208415,-1.162561,0.000000,1.181094,3,131,20,50,50,high
1783929995.937129736,18.231862,-1.636138,0.012922,-0.230062,-1.113526,0.000000,1.137044,3,131,20,50,50,high
1783929996.156950712,18.203058,-1.725678,0.012922,-0.170738,-1.004088,0.000000,1.018501,3,131,20,50,50,high
1783929996.337064743,18.188008,-1.905257,0.012922,-0.047115,-0.864939,0.000000,0.866222,3,131,20,50,50,high
1783929996.536957026,18.168360,-2.133177,0.012922,-0.116131,-1.108564,0.000000,1.114630,3,131,20,50,50,high
1783929996.537018061,18.159165,-2.229860,0.012922,-0.028685,-1.098857,0.000000,1.099231,3,131,20,50,50,high
1783929996.776880741,18.162899,-2.361263,0.012922,0.022330,-1.192192,0.000000,1.192401,3,131,20,50,50,high
1783929996.776933908,18.155787,-2.478711,0.012922,-0.058367,-0.943345,0.000000,0.945149,3,131,20,50,50,high
1783929996.937134266,18.155355,-2.568583,0.012922,-0.060761,-1.024998,0.000000,1.026797,3,131,20,50,50,high
1783929996.937189341,18.128633,-2.678889,0.012922,-0.117347,-1.072779,0.000000,1.079178,3,131,20,50,50,high
1783929997.136965513,18.107335,-2.796172,0.012922,-0.278419,-1.209373,0.000000,1.241008,3,131,20,50,50,high
1783929997.337165356,18.055975,-3.037548,0.012922,-0.310159,-1.178315,0.000000,1.218451,3,131,20,50,50,high
1783929997.337512493,18.021748,-3.120112,0.012922,-0.248043,-0.847596,0.000000,0.883145,3,131,20,50,50,high
1783929997.517044067,18.007130,-3.209818,0.012922,-0.190522,-0.889012,0.000000,0.909198,3,131,20,50,50,high
1783929997.737336397,17.971645,-3.326935,0.012922,-0.395663,-1.149783,0.000000,1.215956,3,131,20,50,50,high
1783929997.737374544,17.896511,-3.519639,0.012922,-0.303330,-0.947563,0.000000,0.994930,3,131,20,50,50,high
1783929997.937106848,17.867707,-3.609179,0.012922,-0.364564,-0.992624,0.000000,1.057454,3,131,20,50,50,high
1783929997.937209606,17.817211,-3.670812,0.012922,-0.465755,-0.657116,0.000000,0.805438,3,131,20,50,50,high
1783929998.136866808,17.757952,-3.739256,0.012923,-0.484012,-0.700437,0.000000,0.851399,3,131,20,50,50,high
1783929998.336838484,17.642774,-3.862355,0.012923,-0.697289,-0.628099,0.000000,0.938467,3,131,20,50,50,high
1783929998.336934090,17.561823,-3.902891,-0.087077,-0.702248,-0.502765,0.000000,0.863669,3,131,20,50,50,high
1783929998.577049732,17.477532,-3.957215,0.012923,-0.719663,-0.385848,0.000000,0.816575,3,131,20,50,50,high
1783929998.577156544,17.414108,-3.984128,0.012923,-0.715263,-0.339365,0.000000,0.791688,3,131,20,50,50,high
1783929998.717227697,17.336497,-4.010876,0.012924,-0.709014,-0.272448,0.000000,0.759558,3,131,20,50,50,high
1783929998.717342138,17.253464,-4.030646,0.012924,-0.868201,-0.274589,0.000000,0.910589,3,131,20,50,50,high
1783929998.937160254,17.156244,-4.050251,0.012924,-0.864055,-0.201707,0.000000,0.887286,3,131,20,50,50,high
1783929998.937285423,17.067787,-4.063044,-0.087076,-0.899215,-0.169507,0.000000,0.915052,3,131,20,50,50,high
1783929999.156769276,16.991434,-4.055239,0.012924,-0.817491,0.044732,0.000000,0.818714,3,131,20,50,50,high
1783929999.337070942,16.829139,-3.991119,0.012925,-0.754400,0.411672,0.000000,0.859414,3,131,20,50,50,high
1783929999.517022371,16.692308,-3.851248,0.012925,-0.656680,0.730802,0.000000,0.982497,3,131,20,50,50,high
1783929999.736925364,16.650182,-3.760878,0.012926,-0.571300,0.860491,0.000000,1.032874,3,131,20,50,50,high
1783929999.736963272,16.557167,-3.586951,0.012926,-0.306077,0.861458,0.000000,0.914217,3,131,20,50,50,high
1783929999.937332869,16.537990,-3.489936,0.012926,-0.316937,0.911278,0.000000,0.964820,3,131,20,50,50,high
1783929999.937454700,16.492523,-3.413355,0.012926,-0.339123,0.921898,0.000000,0.982293,3,131,20,50,50,high
1783930000.157090902,16.462500,-3.302386,0.012926,-0.359895,0.966547,0.000000,1.031376,3,131,20,50,50,high
1783930000.336917639,16.452519,-3.108688,0.012926,0.041259,0.926248,0.000000,0.927166,3,131,20,50,50,high
1783930000.536997080,16.451300,-2.908178,0.012927,0.014365,1.024399,0.000000,1.024500,3,131,20,50,50,high
1783930000.537113905,16.463835,-2.797707,-0.087073,0.108917,1.039629,0.000000,1.045319,3,131,20,50,50,high
1783930000.737076521,16.481793,-2.694212,-0.087073,0.188819,1.046006,0.000000,1.062912,3,131,20,50,50,high
1783930000.737191677,16.490988,-2.597529,0.012927,0.132050,0.974018,0.000000,0.982928,3,131,20,50,50,high
1783930000.956867456,16.485997,-2.500680,0.012927,0.010312,0.969321,0.000000,0.969376,3,131,20,50,50,high
1783930000.956983805,16.475583,-2.396854,-0.087073,-0.035620,1.046342,0.000000,1.046948,3,131,20,50,50,high
1783930001.157116890,16.493542,-2.293359,-0.087073,0.009646,1.077726,0.000000,1.077769,3,131,20,50,50,high
1783930001.336926222,16.482734,-2.044343,-0.087073,-0.105633,1.243966,0.000000,1.248443,3,131,20,50,50,high
1783930001.517024279,16.484856,-1.830045,-0.087073,0.037700,1.040003,0.000000,1.040686,3,131,20,50,50,high
1783930001.737067699,16.502814,-1.726550,-0.087073,0.134736,1.143289,0.000000,1.151201,3,131,20,50,50,high
1783930001.737218857,16.518689,-1.602291,-0.087073,0.213062,1.159840,0.000000,1.179248,3,131,20,50,50,high
1783930001.737332106,16.545411,-1.491985,-0.087073,0.203427,1.196680,0.000000,1.213847,3,131,20,50,50,high
